{
  "fast_mode": true,
  "n_iter": 5,
  "cv": 3,
  "test_size": 0.2,
  "random_state": 42,
  "best_model": "xgboost",
  "best_model_metrics": {
    "accuracy": 0.9609652235628106,
    "roc_auc": 0.9926399545325377,
    "precision": 0.9230769230769231,
    "recall": 0.93048128342246,
    "f1": 0.9267643142476698,
    "confusion_matrix": [
      [
        1006,
        29
      ],
      [
        26,
        348
      ]
    ]
  },
  "model_comparison": [
    {
      "model": "xgboost",
      "cv_best_roc_auc": 0.9927891655969895,
      "accuracy": 0.9609652235628106,
      "roc_auc": 0.9926399545325377,
      "precision": 0.9230769230769231,
      "recall": 0.93048128342246,
      "f1": 0.9267643142476698,
      "confusion_matrix": [
        [
          1006,
          29
        ],
        [
          26,
          348
        ]
      ],
      "best_params": {
        "model__colsample_bytree": 0.7174250836504598,
        "model__learning_rate": 0.13394334706750485,
        "model__max_depth": 6,
        "model__min_child_weight": 3,
        "model__n_estimators": 71,
        "model__reg_lambda": 1.1387059213756816,
        "model__subsample": 0.9165996316800473
      }
    },
    {
      "model": "random_forest",
      "cv_best_roc_auc": 0.935305455658968,
      "accuracy": 0.8403122782114976,
      "roc_auc": 0.9338525924203673,
      "precision": 0.6505050505050505,
      "recall": 0.8609625668449198,
      "f1": 0.7410817031070196,
      "confusion_matrix": [
        [
          862,
          173
        ],
        [
          52,
          322
        ]
      ],
      "best_params": {
        "model__max_depth": 20,
        "model__max_features": "sqrt",
        "model__min_samples_leaf": 2,
        "model__min_samples_split": 4,
        "model__n_estimators": 186
      }
    },
    {
      "model": "logistic_regression",
      "cv_best_roc_auc": 0.9926848849772139,
      "accuracy": 0.9545777146912704,
      "roc_auc": 0.9923376992430701,
      "precision": 0.8974358974358975,
      "recall": 0.9358288770053476,
      "f1": 0.9162303664921466,
      "confusion_matrix": [
        [
          995,
          40
        ],
        [
          24,
          350
        ]
      ],
      "best_params": {
        "model__C": 0.9846738873614566,
        "model__penalty": "l1",
        "model__solver": "liblinear"
      }
    }
  ],
  "runtime_seconds": 10.81,
  "shap_enabled": false,
  "deep_learning_enabled": false
}